Time,NVMe_written,mean
00:00:00,100590234.78434771,95.930323395107
00:01:00,20184268.8,19.24921875
00:02:00,69960874.66666667,66.71988932291667
00:03:00,159312890.79229122,151.9326122210419
00:04:00,208176308.2607548,198.5323984725521
00:05:00,8645256.533333333,8.244759114583333
00:06:00,151798835.81094593,144.76665097326844
00:07:00,39609512.21144196,37.77457448143192
00:08:00,69990144.93523745,66.74780362628694
00:09:00,70190936.46243083,66.93929334872325
00:10:00,140109994.6666667,133.61930338541669
00:11:00,70339049.25053532,67.08054471066983
00:12:00,35934548.99638039,34.269856449489964
00:13:00,6971392.0,6.6484375
00:14:00,215776665.6,205.7806640625
00:15:00,187847297.6445396,179.14514316991767
00:16:00,70011162.27167055,66.76784732024245
00:17:00,162670592.0,155.134765625
00:18:00,242859613.99050358,231.60897635507925
00:19:00,168527268.8629118,160.7201279286497
00:20:00,30223120.058662757,28.823013361609227
00:21:00,140595165.86666667,134.08199869791667
00:22:00,163736883.2,156.15166015625
00:23:00,138740879.91498405,132.31361381052403
00:24:00,257200184.52103195,245.2852101526565
00:25:00,64390826.66666667,61.40787760416667
00:26:00,70021905.06666666,66.77809244791666
00:27:00,21189681.654798236,20.208055167005764
00:28:00,136363868.22529227,130.04671881226756
00:29:00,114396364.8,109.096875
00:30:00,20594885.140990604,19.64081300829945
00:31:00,93847026.54628757,89.49949888828999
00:32:00,151769702.39999998,144.73886718749998
00:33:00,88726528.0,84.6162109375
00:34:00,232479573.33333334,221.70979817708334
00:35:00,69268732.33489476,66.05981095780827
00:36:00,69679340.01992694,66.45139696114248
00:37:00,7383893.333333334,7.041829427083334
00:38:00,270817619.1191533,258.2718077842267
00:39:00,173093270.98831034,165.07460688429865
00:40:00,16208452.266666666,15.457584635416666
00:41:00,140194859.42918113,133.70023672979463
00:42:00,58102132.76231263,55.41051174384368
00:43:00,92546295.31364577,88.25902491917206
00:44:00,13109841.743883742,12.502519363292448
00:45:00,140475670.5252593,133.96803905988625
00:46:00,31396969.865554012,29.942483773759854
00:47:00,4204851.2,4.01005859375
00:48:00,229719790.93333334,219.07786458333334
00:49:00,140630064.23982868,134.11528038008564
00:50:00,139834709.33333334,133.35677083333334
00:51:00,154014515.2,146.8796875
00:52:00,129355374.73233405,123.36289857133298
00:53:00,189667706.69500533,180.88122052670033
00:54:00,80431339.77734819,76.70530297980136
00:55:00,61141825.84906919,58.30938897044105
00:56:00,63176849.52936497,60.25013878761766
00:57:00,193983010.13333333,184.99661458333333
00:58:00,70110958.93333334,66.86302083333334
00:59:00,4163174.4000000004,3.9703125000000004
01:00:00,70095940.26666667,66.84869791666667
01:01:00,332608307.2,317.2
01:02:00,322745958.4,307.79453125
01:03:00,123693154.44451833,117.96298450900872
01:04:00,50883060.5738576,48.525868009431456
01:05:00,132600081.06666669,126.45729166666669
01:06:00,88502711.39156428,84.4027627864497
01:07:00,120686180.65887353,115.0953108395324
01:08:00,164291925.33333334,156.68098958333334
01:09:00,153300445.86666664,146.19869791666665
01:10:00,4038462.6525412365,3.851378109494435
01:11:00,381925405.2474261,364.2324497675191
01:12:00,92638822.4,88.347265625
01:13:00,139912387.70748618,133.4308507037031
01:14:00,113941832.09351753,108.66339883186104
01:15:00,107929190.39999999,102.92929687499999
01:16:00,48818210.13333333,46.55667317708333
01:17:00,121372228.26666665,115.74957682291665
01:18:00,146158112.64612114,139.38723816501727
01:19:00,19793977.814679507,18.877008261374957
01:20:00,20404258.133333333,19.459016927083333
01:21:00,101369753.60000001,96.67373046875001
01:22:00,58291802.99785867,55.591395376070665
01:23:00,35081715.08046891,33.45653064772502
01:24:00,58671786.666666664,55.953776041666664
01:25:00,4101051.7333333334,3.9110677083333334
01:26:00,103231713.04289633,98.44943336763032
01:27:00,84804896.91817217,80.87625209634034
01:28:00,155095483.73333332,147.91057942708332
01:29:00,7936648.533333333,7.568977864583333
01:30:00,522616994.68650377,498.40640514994027
01:31:00,198637669.3457323,189.43564352582197
01:32:00,150962551.46666667,143.96910807291667
01:33:00,173748081.33682305,165.69908269579224
01:34:00,129015047.88396582,123.03833759686071
01:35:00,101854376.42509499,97.13590281018733
01:36:00,135851793.06666666,129.55836588541666
01:37:00,83821168.1887874,79.93809527281513
01:38:00,115718338.32976446,110.35760720230527
01:39:00,183541623.46666667,175.03893229166667
01:40:00,170235460.26666665,162.34918619791665
01:41:00,71234360.01092598,67.93437958805654
01:42:00,138317228.4803401,131.90958831819543
01:43:00,308395303.779748,294.108680515049
01:44:00,90884817.29614307,86.67451600660617
01:45:00,57789337.6,55.11220703125
01:46:00,133205674.66666667,127.03483072916667
01:47:00,243993531.73333335,232.69036458333335
01:48:00,133363264.37406552,127.18511998564293
01:49:00,104298498.0405181,99.46679882098971
01:50:00,184209400.62670845,175.67577421828122
01:51:00,36679953.06666666,34.98072916666666
01:52:00,91341046.4665374,87.10961004880657
01:53:00,316740646.4297576,302.0674194619728
01:54:00,196479103.94026268,187.37707513834255
01:55:00,119594122.68873906,114.05384320138842
01:56:00,203030190.63434076,193.62467826303555
01:57:00,102330368.00000001,97.58984375000001
01:58:00,140812288.0,134.2890625
01:59:00,258854053.59285426,246.8624626091521
02:00:00,157523501.63322446,150.22611773798414
02:01:00,161152136.53333333,153.68665364583333
02:02:00,139648717.18249732,133.17939489602787
02:03:00,125298470.70666398,119.49393339792631
02:04:00,207119852.70547718,197.52488394305914
02:05:00,207234312.6875125,197.63404148818253
02:06:00,213807356.84287715,203.90258487975802
02:07:00,169840920.5479452,161.97292380136986
02:08:00,199124315.15797892,189.89974513814823
02:09:00,176210494.76701555,168.04742314054064
02:10:00,183595295.24698353,175.09011769007066
02:11:00,344085392.66092384,328.14540163128265
02:12:00,209237650.6840218,199.54457348253422
02:13:00,236981725.86666664,226.00338541666665
02:14:00,148865843.2,141.96953125
02:15:00,226362929.33618844,215.87651189440578
02:16:00,173348957.50857747,165.3184485517287
02:17:00,146309742.55049664,139.5318437104193
02:18:00,145048268.8,138.32880859375
02:19:00,157940043.52821898,150.6233630449476
02:20:00,123377527.46666667,117.66197916666667
02:21:00,153746363.73333335,146.62395833333335
02:22:00,124499012.26666667,118.73151041666667
02:23:00,209400738.3072762,199.70010596015567
02:24:00,135304251.18325445,129.03618925404973
02:25:00,159478852.26666668,152.09088541666668
02:26:00,199202133.33333337,189.97395833333337
02:27:00,159722973.86666667,152.32369791666667
02:28:00,108616221.31857876,103.58450061662556
02:29:00,144627848.53333333,137.92786458333333
02:30:00,217179198.18678755,207.1182233684421
02:31:00,191704488.0325355,182.82364657643842
02:32:00,195361913.72758186,186.31163952596842
02:33:00,171025100.8,163.10224609375
02:34:00,153431944.70169786,146.32410497827325
02:35:00,350584042.5079703,334.34299708172824
02:36:00,173731009.93267116,165.6828021361076
02:37:00,140460544.0,133.95361328125
02:38:00,151915305.28701913,144.87772492124475
02:39:00,323370407.83947736,308.39005264232384
02:40:00,186025233.0666667,177.4074869791667
02:41:00,198213307.35872972,189.0309403979585
02:42:00,76777424.2645594,73.22065760093632
02:43:00,249332087.46666664,237.78160807291664
02:44:00,48651333.02220148,46.39752676220081
02:45:00,73020769.39426142,69.63803233553068
02:46:00,132123033.6,126.00234375
02:47:00,318352520.53333336,303.60462239583336
02:48:00,157514766.55662602,150.21778731978037
02:49:00,89981973.07996833,85.81349666592439
02:50:00,122779040.33064464,117.09121735634292
02:51:00,87151171.8603718,83.11383424794369
02:52:00,243544148.31431022,232.26179915839217
02:53:00,221685555.8962736,211.41582097651826
02:54:00,161524531.2,154.041796875
02:55:00,6186866.550662562,5.900255728399813
02:56:00,81728772.31815454,77.94263107123808
02:57:00,269689139.2,257.19560546875
02:58:00,241023486.0813704,229.85790832650224
02:59:00,321921536.0,307.00830078125
03:00:00,155828428.8,148.6095703125
03:01:00,140549157.67035687,134.03812186275184
03:02:00,119643080.0292223,114.10053255960683
03:03:00,23538722.133333333,22.448274739583333
03:04:00,234254829.94467035,223.40281481234584
03:05:00,166031349.03640258,158.33983329429873
03:06:00,70308454.4,67.0513671875
03:07:00,99429346.00158353,94.82321357878068
03:08:00,39711997.866808884,37.87231241875542
03:09:00,283503547.7333333,270.3700520833333
03:10:00,77299031.13456464,73.71810067612137
03:11:00,196898523.56509566,187.7770648623425
03:12:00,384009011.20000005,366.21953125000005
03:13:00,117863219.19999999,112.40312499999999
03:14:00,175213303.752906,167.09642768183326
03:15:00,191268727.46666667,182.40807291666667
03:16:00,33103030.46463569,31.56950994933671
03:17:00,303869456.89712644,289.7924965831055
03:18:00,70448513.91862954,67.18493835318522
03:19:00,15253708.8,14.5470703125
03:20:00,373212501.3333333,355.9231770833333
03:21:00,72582800.61329244,69.22035275773281
03:22:00,19205396.506725557,18.315693384862477
03:23:00,167534698.1069412,159.7735386914646
03:24:00,143215001.6,136.58046875
03:25:00,82833954.13333334,78.99661458333334
03:26:00,80771914.08497825,77.03009994981599
03:27:00,207221637.24513513,197.62195324433816
03:28:00,177198148.26666668,168.98932291666668
03:29:00,125290198.78674756,119.48604468035465
03:30:00,92652560.33865191,88.36036714425269
03:31:00,141629739.59668958,135.06864509266813
03:32:00,74277373.50843278,70.83642340510633
03:33:00,64500258.13333333,61.51223958333333
03:34:00,170544613.44931415,162.64401764804282
03:35:00,98669908.60786398,94.09895764147184
03:36:00,272847940.26666665,260.20807291666665
03:37:00,147172283.73333335,140.35442708333335
03:38:00,149774282.67800212,142.83588664818012
03:39:00,289681920.0,276.26220703125
03:40:00,78089113.6,74.47158203125
03:41:00,296030203.3513586,282.3164018167101
03:42:00,77771422.65028231,74.16860833194953
03:43:00,126488405.33333334,120.62874348958334
03:44:00,70020812.8,66.77705078125
03:45:00,185007018.99077594,176.43644236638636
03:46:00,541211263.8733093,516.1392821057408
03:47:00,183862818.13333336,175.34524739583335
03:48:00,163622010.30444965,156.0421088261124
03:49:00,80892109.05939604,77.14472680987934
03:50:00,222041497.60000002,211.75527343750002
03:51:00,139997476.43490437,133.51199763765752
03:52:00,124371148.8,118.6095703125
03:53:00,129844097.76833156,123.82898117859989
03:54:00,105818214.39999999,100.91611328124999
03:55:00,68304384.0,65.14013671875
03:56:00,175315220.55674517,167.1936231200649
03:57:00,109183829.96811903,104.12581440746214
03:58:00,232813158.4,222.0279296875
03:59:00,204895545.56970462,195.4036193558737
04:00:00,45794527.8314779,43.67306502483168
04:01:00,207314944.0,197.7109375
04:02:00,151317060.26666665,144.30719401041665
04:03:00,196300745.36481258,187.206979145825
04:04:00,149664137.0449679,142.73084358689107
04:05:00,138603824.3772833,132.18290746429759
04:06:00,87579921.06666666,83.52272135416666
04:07:00,103119175.5216319,98.34210922396841
04:08:00,71483119.00627755,68.17161465289836
04:09:00,98468148.77789587,93.90654447354876
04:10:00,41163707.733333334,39.256770833333334
04:11:00,126109480.70128658,120.26737280014666
04:12:00,239869824.5567079,228.75769096060552
04:13:00,223849970.90667552,213.47996798198272
04:14:00,190823628.79999998,181.98359374999998
04:15:00,200188177.06666666,190.91432291666666
04:16:00,79669510.64824086,75.97876610588156
04:17:00,76824079.71303308,73.26515170386608
04:18:00,52126788.26666667,49.71197916666667
04:19:00,112129638.39999999,106.93515624999999
04:20:00,70280613.32440576,67.02481586876465
04:21:00,69702733.26248671,66.4737064957492
04:22:00,109662965.26435097,104.58275343356225
04:23:00,53143688.53333333,50.68177083333333
04:24:00,159567598.93333334,152.17552083333334
04:25:00,37478271.94945373,35.74206538148282
04:26:00,116115319.46666667,110.73619791666667
04:27:00,296690756.26666665,282.94635416666665
04:28:00,212570449.67880085,202.72297828559957
04:29:00,67354282.39641066,64.23404922143045
04:30:00,70025489.06666668,66.78151041666668
04:31:00,141426577.96146923,134.8748950590794
04:32:00,99852200.26773761,95.22647883199464
04:33:00,139301168.7220852,132.8479468556263
04:34:00,209636010.6666667,199.92447916666669
04:35:00,180350165.21101403,171.99532052136806
04:36:00,76471111.46433538,72.92853495057619
04:37:00,177254051.86320913,169.04263674088395
04:38:00,91820851.2,87.5671875
04:39:00,178812688.29568788,170.529068275154
04:40:00,94646715.73333333,90.26214192708333
04:41:00,191818683.73333332,182.93255208333332
04:42:00,291375751.1182322,277.8775702650377
04:43:00,84806171.82933956,80.87746794637638
04:44:00,98555221.33333333,93.98958333333333
04:45:00,190903910.4,182.06015625
04:46:00,137366463.60491148,131.00286827555797
04:47:00,23234277.4890044,22.157933701519394
04:48:00,133793747.08352777,127.59566028931405
04:49:00,45313809.06666667,43.21461588541667
04:50:00,160300103.3406389,152.87409147323504
04:51:00,423994709.3333334,404.35286458333337
04:52:00,148443750.4,141.5669921875
04:53:00,90654754.13333333,86.45511067708333
04:54:00,123179861.33333333,117.47347005208333
04:55:00,121229277.86666666,115.61324869791666
04:56:00,168053389.77072307,160.26820160934741
04:57:00,47074208.435735635,44.89346355031551
04:58:00,226864913.06666666,216.35524088541666
04:59:00,177191123.7203078,168.9826237872198
05:00:00,183613878.71139157,175.10784026278645
05:01:00,161531016.53333333,154.04798177083333
05:02:00,86439976.00159991,82.43558502349845
05:03:00,154923522.73943287,147.74658464377677
05:04:00,216051881.8587906,206.04313073996602
05:05:00,346327698.0733702,330.2838307126715
05:06:00,98289540.34971957,93.73621020290334
05:07:00,35919223.46666667,34.25524088541667
05:08:00,136425608.53333333,130.10559895833333
05:09:00,85695965.86666667,81.72604166666667
05:10:00,139656734.2788333,133.18704059489565
05:11:00,116572375.7082861,111.1720807154523
05:12:00,95152986.60089327,90.74495945061996
05:13:00,178885652.9564696,170.59865279814682
05:14:00,185154189.01507604,176.57679463870625
05:15:00,129688178.25359651,123.68028474197055
05:16:00,81490608.17387825,77.71550004375291
05:17:00,83581329.24471702,79.70936703178121
05:18:00,196140100.26666668,187.05377604166668
05:19:00,348393599.57766926,332.2540279175465
05:20:00,306269087.8058537,292.0809629496133
05:21:00,125248546.13333333,119.44632161458333
05:22:00,227863581.4170499,217.30764524178497
05:23:00,69715281.61530288,66.48567353754318
05:24:00,285120785.06666666,271.91236979166666
05:25:00,260608000.00000003,248.53515625000003
05:26:00,108978156.68575276,103.92966908049847
05:27:00,65593162.10526316,62.554514031661185
05:28:00,190708394.6666667,181.87369791666669
05:29:00,107139345.06666666,102.17604166666666
05:30:00,69452700.90322581,66.23525705645162
05:31:00,91547341.12646121,87.30634796758767
05:32:00,82671752.53333333,78.84192708333333
05:33:00,325303227.7333333,310.2333333333333
05:34:00,5058594.133333333,4.824251302083333
05:35:00,238416799.14984062,227.37197794899046
05:36:00,82805393.77374843,78.96937730192988
05:37:00,107350425.6,102.37734375
05:38:00,124682020.74272333,118.90604089996656
05:39:00,139681626.0378612,133.21077922617073
05:40:00,163208942.93333334,155.64817708333334
05:41:00,16237319.287952531,15.485114372208148
05:42:00,139552646.12114772,133.08777439226887
05:43:00,96669969.06666666,92.19166666666666
05:44:00,38605619.2,36.8171875
05:45:00,247182979.72566074,235.73205921712946
05:46:00,192210547.45931584,183.3062624543341
05:47:00,69961045.33333334,66.72005208333334
05:48:00,208096787.14752346,198.45656122925135
05:49:00,70180453.96145609,66.92929645677194
05:50:00,276362201.91285866,263.5595339897715
05:51:00,365911790.9333334,348.9606770833334
05:52:00,119652840.21065263,114.10984059396041
05:53:00,147418723.7687366,140.58945061563168
05:54:00,206807040.0,197.2265625
05:55:00,83302263.46666665,79.44322916666665
05:56:00,255018007.09362242,243.20412358629457
05:57:00,130890683.73333333,124.82708333333333
05:58:00,139990664.53333333,133.50550130208333
05:59:00,70745127.45890597,67.46781106844517
06:00:00,87959961.21920447,83.88515588684508
06:01:00,218646495.36635774,208.51754700313353
06:02:00,113900475.73333333,108.62395833333333
06:03:00,287069898.5584624,273.77118926855314
06:04:00,77434948.72483222,73.84772179110739
06:05:00,285336426.70209235,272.11802168092
06:06:00,29716581.027931474,28.339940097743487
06:07:00,115386094.93333332,110.04075520833332
06:08:00,157162512.44979918,149.881851625251
06:09:00,256191604.6496181,244.3233534332448
06:10:00,69986600.70671378,66.74442358657244
06:11:00,197979548.08590102,188.80801018323996
06:12:00,149060944.7370175,142.15559457494498
06:13:00,186969572.79489905,178.30807952394395
06:14:00,154321476.26666668,147.17242838541668
06:15:00,101824443.73333333,97.10735677083333
06:16:00,251076300.8,239.44501953125
06:17:00,126050577.06666666,120.21119791666666
06:18:00,395249460.1693221,376.93925873691757
06:19:00,72153258.66666667,68.81070963541667
06:20:00,99281442.13333336,94.68216145833335
06:21:00,181015090.32943678,172.62944252914122
06:22:00,69276637.86666666,66.06735026041666
06:23:00,348490990.93333334,332.34690755208334
06:24:00,148323383.7895867,141.45220164259595
06:25:00,284296603.6131775,271.12636910741566
06:26:00,111088810.66666666,105.94254557291666
06:27:00,280567983.9421919,267.5704802915496
06:28:00,168032346.46296912,160.24813314721024
06:29:00,189802905.60000002,181.01015625000002
06:30:00,63376793.60000001,60.44082031250001
06:31:00,94940877.52643555,90.54267647403293
06:32:00,176967583.42189163,168.76943914593852
06:33:00,213628757.33333334,203.73225911458334
06:34:00,226985665.48896742,216.47039936920874
06:35:00,306707971.5080388,292.4995150642765
06:36:00,176054536.46871263,167.89868971701873
06:37:00,143694267.73333332,137.03753255208332
06:38:00,221516454.65473485,211.25455346559033
06:39:00,84810737.74493633,80.8818223428119
06:40:00,178021864.1423905,169.77487959136056
06:41:00,106192896.0,101.2734375
06:42:00,108012712.21144195,103.00894948143191
06:43:00,187882212.04275376,179.1784401347673
06:44:00,70140723.20000002,66.89140625000002
06:45:00,101875426.96554032,97.15597816995651
06:46:00,134648110.52072266,128.41044475624338
06:47:00,56377070.93333333,53.76536458333333
06:48:00,302629410.1333333,288.6098958333333
06:49:00,122152550.39999999,116.49374999999999
06:50:00,106743398.4,101.7984375
06:51:00,411004842.24563277,391.96476196826245
06:52:00,295332699.5795047,281.65121038389657
06:53:00,249272994.6865037,237.7252528061902
06:54:00,139903479.50136656,133.42235517632156
06:55:00,175120657.06666666,167.00807291666666
06:56:00,20600220.52474261,19.64590122675191
06:57:00,259868929.92866188,247.8303241049403
06:58:00,13237452.8,12.62421875
06:59:00,143641877.6275271,136.9875694537421
07:00:00,244087032.064529,232.77953344777012
07:01:00,39995801.6,38.14296875
07:02:00,221332650.6666667,211.07926432291669
07:03:00,69838326.32419483,66.60301811618312
07:04:00,186135189.8132876,177.51234990433463
07:05:00,284428424.5333333,271.2520833333333
07:06:00,41104352.871051066,39.200165625620905
07:07:00,208069998.272999,198.43101336765193
07:08:00,208190715.8189454,198.54613859076062
07:09:00,64973755.733333334,61.963802083333334
07:10:00,127657935.7601713,121.74409461991434
07:11:00,241209699.65690157,230.03549543085248
07:12:00,147309372.975135,140.4851655722952
07:13:00,176307677.86666667,168.14010416666667
07:14:00,124032203.44370861,118.28632683153974
07:15:00,178558677.42150527,170.28682462835815
07:16:00,111773852.1046644,106.59585199800911
07:17:00,65424398.48575414,62.39356850219168
07:18:00,70026615.46666667,66.78258463541667
07:19:00,37120051.1965869,35.400439449870014
07:20:00,331614286.9379015,316.25202840604925
07:21:00,22944378.170229718,21.88146416686031
07:22:00,166310365.86666667,158.60592447916667
07:23:00,183895790.93333334,175.37669270833334
07:24:00,187986295.50321198,179.277701857769
07:25:00,97841696.6017816,93.30911312273179
07:26:00,98493973.46843545,93.9311728176455
07:27:00,228216627.2,217.6443359375
07:28:00,95616903.72814253,91.18738529981854
07:29:00,190086075.73333332,181.28020833333332
07:30:00,125361010.20068003,119.55357570713046
07:31:00,186116550.65490508,177.4945742177058
07:32:00,227255435.2128578,216.727671826227
07:33:00,240838621.86666667,229.68160807291667
07:34:00,210043050.6666667,200.31266276041669
07:35:00,205411129.94577226,195.89531893326975
07:36:00,158044225.2922423,150.72271851753453
07:37:00,47045563.733333334,44.866145833333334
07:38:00,94453742.24948329,90.07810807178811
07:39:00,351726826.78002125,335.4328410911763
07:40:00,177148655.15632293,168.94212260849278
07:41:00,133378901.33333333,127.20003255208333
07:42:00,121179420.0066912,115.56570053738709
07:43:00,292834890.54197663,279.2691140575186
07:44:00,228629708.8,218.03828125
07:45:00,176893713.06666666,168.69899088541666
07:46:00,143371479.8206278,136.7296980100897
07:47:00,149927923.48565358,142.98240994038923
07:48:00,64829815.46666667,61.82652994791667
07:49:00,70728117.03127098,67.4515886604986
07:50:00,309137630.7391729,294.81661867062843
07:51:00,220533828.26666665,210.31744791666665
07:52:00,65418786.13333334,62.38821614583334
07:53:00,288515397.2381273,275.1497242337487
07:54:00,203006095.64293304,193.60169948857597
07:55:00,154736564.2290514,147.5682871141924
07:56:00,413038772.34851015,393.90446886874213
07:57:00,66367907.35623108,63.293368679267004
07:58:00,139824605.86666664,133.34713541666665
07:59:00,102571997.86666666,97.82027994791666
08:00:00,251488096.3532954,239.8377383740381
08:01:00,242609085.24676698,231.37005352665614
08:02:00,132750609.06666666,126.60084635416666
08:03:00,287814724.2666667,274.4815104166667
08:04:00,450449415.3723085,429.58203828078126
08:05:00,168656391.07332626,160.84326846439959
08:06:00,50421862.400000006,48.086035156250006
08:07:00,351516262.4,335.23203125
08:08:00,83764019.2,79.88359375
08:09:00,210516987.57887745,200.76464422118897
08:10:00,201770598.4,192.4234375
08:11:00,114598428.16187747,109.28957763850924
08:12:00,364867394.21006465,347.96466275221314
08:13:00,153237900.10626993,146.1390496313762
08:14:00,84928887.46666667,80.99449869791667
08:15:00,119262446.93333332,113.73753255208332
08:16:00,195717207.70877942,186.65047427061026
08:17:00,70054952.06986201,66.80960852609826
08:18:00,158030233.60000002,150.70937500000002
08:19:00,165563481.90120658,157.89364042397173
08:20:00,177749809.29614875,169.51542787184596
08:21:00,69943569.06666666,66.70338541666666
08:22:00,171094016.0,163.16796875
08:23:00,248550696.37957573,237.03641546208928
08:24:00,102329992.53333333,97.58948567708333
08:25:00,128936345.60000001,122.96328125000001
08:26:00,169622347.31017932,161.76447611825878
08:27:00,149546022.03602296,142.6182003364782
08:28:00,120157126.22896734,114.59076521774992
08:29:00,69956881.06666666,66.71608072916666
08:30:00,111536976.065071,106.36994940287686
08:31:00,819162080.3719693,781.2138370246595
08:32:00,161548492.8,154.0646484375
08:33:00,385985501.8666666,368.1044596354166
08:34:00,100166587.73333333,95.52630208333333
08:35:00,69457313.27527052,66.23965575720837
08:36:00,131352132.26666667,125.26715494791667
08:37:00,30466628.266666666,29.055240885416666
08:38:00,70647236.65768194,67.37445512550539
08:39:00,302007498.40595114,288.0167945918571
08:40:00,54095564.8,51.58955078125
08:41:00,331387935.96584845,316.03616329750866
08:42:00,162414282.67800212,154.89033000755512
08:43:00,280951296.0,267.93603515625
08:44:00,389710643.2,371.65703125
08:45:00,161121288.96672505,153.65723511383538
08:46:00,122374758.4,116.7056640625
08:47:00,258975908.26055068,246.97867227606838
08:48:00,238253197.69158503,227.2159554401255
08:49:00,139391974.49352375,132.9345459876287
08:50:00,12831948.8,12.2375
08:51:00,216434951.74820483,206.40845465488894
08:52:00,83977797.42659189,80.08746855410756
08:53:00,238604868.2666667,227.5513346354167
08:54:00,165124369.06666666,157.47486979166666
08:55:00,157987604.67587674,150.6687208899276
08:56:00,154735820.8,147.567578125
08:57:00,169148062.1291914,161.3121625224985
08:58:00,180017985.71621075,171.67852946873737
08:59:00,215500663.46666667,205.51744791666667
09:00:00,108572364.80000001,103.54267578125001
09:01:00,207090757.14381316,197.49713625317875
09:02:00,158857787.68885666,151.49859207997957
09:03:00,242041275.7333333,230.8285481770833
09:04:00,31662080.0,30.1953125
09:05:00,120315903.99999999,114.74218749999999
09:06:00,437424214.1491395,417.16023840822174
09:07:00,172761361.06666666,164.75807291666666
09:08:00,99658359.8804384,95.04161823314514
09:09:00,230195200.0,219.53125
09:10:00,410175040.0639957,391.1734009399373
09:11:00,157928362.42859042,150.61222308024446
09:12:00,139950989.9340044,133.46766465568962
09:13:00,113138176.92153856,107.89697353509766
09:14:00,41460497.83347777,39.539811929204724
09:15:00,226084673.4409245,215.61114639370393
09:16:00,293961327.4877109,280.3433680417165
09:17:00,379873962.6666667,362.2760416666667
09:18:00,239792401.06666666,228.68385416666666
09:19:00,134095139.29014969,127.88309029593438
09:20:00,129787494.39999998,123.77499999999998
09:21:00,99401454.93333332,94.79661458333332
09:22:00,305298090.6666667,291.1549479166667
09:23:00,383310078.63974506,365.5529772183848
09:24:00,98001695.04633641,93.46169952996866
09:25:00,39714899.00673289,37.875079161389245
09:26:00,193772748.79999998,184.79609374999998
09:27:00,102250371.94473964,97.51355356668438
09:28:00,246278553.6,234.86953125
09:29:00,272691746.1333333,260.0591145833333
09:30:00,281675712.2783539,268.62689235530274
09:31:00,274794668.08369315,262.0646172367984
09:32:00,169287406.93333337,161.44505208333337
09:33:00,158905468.16878876,151.54406372908474
09:34:00,173111419.68635303,165.09191483149817
09:35:00,79405432.51859725,75.72692157611584
09:36:00,87473629.86666666,83.42135416666666
09:37:00,146308377.30817944,139.53054171388573
09:38:00,58128319.957052745,55.435485798886056
09:39:00,154680250.28229824,147.51458194951843
09:40:00,139890866.32442164,133.4103263134209
09:41:00,70342144.0,67.08349609375
09:42:00,133371340.47109208,127.19282195195396
09:43:00,148960439.98671538,142.05974577590501
09:44:00,65753634.13333333,62.70755208333333
09:45:00,257914641.06666672,245.96656901041672
09:46:00,152527639.72102293,145.46169254400533
09:47:00,189965959.60269314,181.16565666455568
09:48:00,63100202.91980533,60.17704288464101
09:49:00,269889323.195945,257.38651580423834
09:50:00,69347690.68355766,66.13511150699392
09:51:00,117994291.19999999,112.52812499999999
09:52:00,97156471.46666665,92.65563151041665
09:53:00,72879053.0130184,69.50288106252518
09:54:00,192142848.0,183.24169921875
09:55:00,124991283.19999999,119.20097656249999
09:56:00,201658518.20128477,192.31654949310757
09:57:00,83626120.53333333,79.75208333333333
09:58:00,113690144.39037399,108.42337073361777
09:59:00,46619682.13333333,44.45999348958333
10:00:00,145486559.9468615,138.74679560362006
10:01:00,213815193.6,203.91005859375
10:02:00,89222280.53333333,85.08899739583333
10:03:00,108915404.8,103.86982421875
10:04:00,419651396.0156395,400.2107582241435
10:05:00,102007838.46971309,97.2822556206828
10:06:00,175796416.7722152,167.65252759191054
10:07:00,209715746.13333336,200.00052083333335
10:08:00,10008830.34464369,9.545164436954202
10:09:00,54671776.1942465,52.139068788763524
10:10:00,50147703.46666666,47.82457682291666
10:11:00,356135116.79999995,339.63691406249995
10:12:00,37808412.730318256,36.05691216499162
10:13:00,102965053.47060777,98.19512698231485
10:14:00,155216076.8,148.0255859375
10:15:00,213301282.13333333,203.41995442708333
10:16:00,146177103.74562111,139.4053494888507
10:17:00,173431655.84586963,165.39731583201373
10:18:00,288509405.8666667,275.1440104166667
10:19:00,82280448.0,78.46875
10:20:00,182811457.51978895,174.34259178141494
10:21:00,217264401.06666666,207.19947916666666
10:22:00,78741565.1710114,75.09380833722248
10:23:00,69735324.991636,66.50478839076614
10:24:00,156852785.8707921,149.58647334174356
10:25:00,39585109.333333336,37.751302083333336
10:26:00,269291177.27848524,256.8160794052937
10:27:00,123049661.67023553,117.34930197738221
10:28:00,95419289.6,90.99892578125
10:29:00,190910464.0,182.06640625
10:30:00,154839160.59957173,147.66613063771413
10:31:00,261103271.08513746,249.00748356355425
10:32:00,174692311.1792547,166.59957044530364
10:33:00,101546666.66666667,96.84244791666667
10:34:00,28983022.93333333,27.64036458333333
10:35:00,212760390.60438108,202.90412006795987
10:36:00,185393425.0666667,176.8049479166667
10:37:00,86979925.33333333,82.95052083333333
10:38:00,14553755.416918226,13.879542748373247
10:39:00,77581310.10820797,73.98730288334653
10:40:00,137624125.34168944,131.24859365624374
10:41:00,195366630.55370247,186.3161378418946
10:42:00,42059707.733333334,40.111263020833334
10:43:00,12532856.209586028,11.95226307829478
10:44:00,139584307.2,133.11796875
10:45:00,223193092.9668553,212.85352036176232
10:46:00,146946297.17603588,140.13890950778568
10:47:00,58624136.533333346,55.908333333333346
10:48:00,213823533.22181332,203.9180118768819
10:49:00,57394876.91796745,54.73602000996347
10:50:00,161871735.46666667,154.37291666666667
10:51:00,106330532.63115793,101.404698020132
10:52:00,186664404.08111852,178.01704795944073
10:53:00,70212953.93026201,66.96029084230615
10:54:00,38976448.029868655,37.17083743082872
10:55:00,274178311.0134233,261.4768133291467
10:56:00,94042112.0,89.685546875
10:57:00,52158566.39999999,49.74228515624999
10:58:00,242094598.76044196,230.87940097850986
10:59:00,143383193.88907343,136.7408694163069
11:00:00,157060266.66666666,149.78434244791666
11:01:00,78316575.17564404,74.68850629391102
11:02:00,140524434.21228752,134.01454373577835
11:03:00,32023806.41290581,30.540281689554032
11:04:00,69958144.0,66.71728515625
11:05:00,70008670.35530965,66.76547084361043
11:06:00,59700115.224349305,56.93446657595568
11:07:00,27562097.432787545,26.28526442793612
11:08:00,117953224.22954305,112.48896048502259
11:09:00,55154483.2,52.5994140625
11:10:00,136930561.96253583,130.58716007474501
11:11:00,69822865.11257222,66.58827315575812
11:12:00,162638028.79999998,155.10371093749998
11:13:00,160266581.3333333,152.84212239583331
11:14:00,134128279.13468248,127.914694914515
11:15:00,69979477.33333333,66.73763020833333
11:16:00,210047581.89454037,200.3169840760616
11:17:00,139335441.06666666,132.88063151041666
11:18:00,106095411.2,101.18046875
11:19:00,80606311.35675746,76.87216888118502
11:20:00,86750090.79394707,82.7313335360976
11:21:00,178377045.33333334,170.11360677083334
11:22:00,56418063.75411046,53.804458383665526
11:23:00,94718639.6545998,90.33073392353039
11:24:00,105562660.99893731,100.67239856618625
11:25:00,85218918.4,81.27109375
11:26:00,53685512.28023085,51.198494224768496
11:27:00,59050154.666666664,56.314615885416664
11:28:00,111210564.26666665,106.05865885416665
11:29:00,100420266.66666667,95.76822916666667
11:30:00,85543892.08777934,81.58101280954298
11:31:00,106586456.96068014,101.64876648014082
11:32:00,57086941.866666675,54.442350260416674
11:33:00,119678566.40000002,114.13437500000002
11:34:00,80587345.82305487,76.85408193879591
11:35:00,78725544.57544045,75.07852990669294
11:36:00,211279223.46666667,201.49156901041667
11:37:00,140009745.06666666,133.52369791666666
11:38:00,175903456.68075967,167.7546088035199
11:39:00,96636450.13333334,92.15970052083334
11:40:00,107872665.6,102.875390625
11:41:00,92635409.06666666,88.34401041666666
11:42:00,145433576.1923741,138.69626635777865
11:43:00,87768951.46666667,83.70299479166667
11:44:00,112935068.20454697,107.70327396826455
11:45:00,48623527.838197574,46.37100967235334
11:46:00,99023755.7496167,94.43641257249517
11:47:00,179964057.86280915,171.62709986000934
11:48:00,223888895.35116386,213.51708922497164
11:49:00,57786538.666666664,55.109537760416664
11:50:00,52508311.7125525,50.0758282781148
11:51:00,139867477.33333334,133.38802083333334
11:52:00,173119370.8985186,165.09949769832477
11:53:00,36461014.11063266,34.771932707436235
11:54:00,106971135.99999999,102.01562499999999
11:55:00,131233067.14095153,125.15360559554246
11:56:00,160697330.05645964,153.25291638990367
11:57:00,70225334.31104591,66.97209769348709
11:58:00,140007883.19221282,133.52192229481966
11:59:00,338708759.5138474,323.01784469017736
12:00:00,109799287.46666667,104.71276041666667
12:01:00,171255619.7079805,163.32208605573703
12:02:00,160784999.5333022,153.3365245183012
12:03:00,70157243.73333333,66.90716145833333
12:04:00,34201531.982729994,32.61712263367652
12:05:00,70592102.4,67.321875
12:06:00,8469230.933333334,8.076888020833334
12:07:00,30442092.489428822,29.03184174483187
12:08:00,6532846.933333334,6.230208333333334
12:09:00,34993720.418638766,33.37261239875676
12:10:00,70017297.06666668,66.77369791666668
12:11:00,237124031.72730252,226.13909886102917
12:12:00,73490022.4,70.085546875
12:13:00,89794150.4,85.634375
12:14:00,70301920.63173392,67.0451361005153
12:15:00,46340594.7413736,44.19383501183853
12:16:00,167306103.46666667,159.55553385416667
12:17:00,66391301.82012134,63.31567937862524
12:18:00,95173858.67237687,90.76486460912406
12:19:00,56667352.20417633,54.042198375870065
12:20:00,75533926.4,72.034765625
12:21:00,144331092.7466483,137.6448562113269
12:22:00,123566770.3752906,117.84245526818333
12:23:00,29860659.2,28.47734375
12:24:00,99826346.66666667,95.20182291666667
12:25:00,106798182.4,101.85068359375
12:26:00,150663175.34537727,143.68360075509764
12:27:00,108540518.6320912,103.51230490883941
12:28:00,59683737.6,56.91884765625
12:29:00,5849858.542763816,5.578859846843544
12:30:00,73610478.93333334,70.20042317708334
12:31:00,182237049.79668024,173.79479388874077
12:32:00,99607313.06666666,94.99293619791666
12:33:00,89341704.72205617,85.20288917737595
12:34:00,97178903.8064129,92.67702465668955
12:35:00,69946039.86400907,66.70574175263316
12:36:00,67142636.08316566,64.03220756832663
12:37:00,97400046.93333334,92.88792317708334
12:38:00,124600183.46666665,118.82799479166665
12:39:00,126134989.29336187,120.29169968925655
12:40:00,172399200.8501594,164.41269001975957
12:41:00,227552002.13319114,217.0105000812446
12:42:00,114691276.58156122,109.37812479168055
12:43:00,75895391.46138842,72.37948557032435
12:44:00,109219020.8,104.159375
12:45:00,96554032.39784014,92.08110084327711
12:46:00,71032120.05602615,67.74150853731742
12:47:00,153885808.56858188,146.75694329126537
12:48:00,81749333.33333333,77.96223958333333
12:49:00,136899788.8,130.5578125
12:50:00,161659111.9080826,154.17014303978215
12:51:00,196176583.42777148,187.08856909539364
12:52:00,69942476.8,66.70234375
12:53:00,141350636.30238512,134.8024714492656
12:54:00,92722402.74478754,88.42697405318026
12:55:00,67999505.06666666,64.84938151041666
12:56:00,263312093.14151886,251.11398042823683
12:57:00,138419394.25932038,132.00702119762457
12:58:00,413706649.6,394.54140625
12:59:00,136386522.31515557,130.06832343593175
13:00:00,34374963.2,32.78251953125
13:01:00,80243916.80000001,76.52656250000001
13:02:00,144101357.15714383,137.42576328005202
13:03:00,152923986.3827515,145.83967817568922
13:04:00,51773745.117777325,49.375290982987714
13:05:00,82109166.93333334,78.30540364583334
13:06:00,220596097.7683316,210.37683274109992
13:07:00,286276796.5738758,273.0148282755621
13:08:00,57747182.93333334,55.07200520833334
13:09:00,159827006.73288447,152.4229113892407
13:10:00,70024669.86666666,66.78072916666666
13:11:00,80643179.80737297,76.90732937562272
13:12:00,180842496.0,172.46484375
13:13:00,122621678.93333334,116.94114583333334
13:14:00,160279297.6445396,152.85424961523017
13:15:00,213913770.043175,204.0040684158087
13:16:00,77316392.9198757,73.73465816485948
13:17:00,69964811.94587028,66.72364420496967
13:18:00,373901994.6666666,356.58072916666663
13:19:00,139915170.87805855,133.43350494199615
13:20:00,59028150.8522346,56.29363141272984
13:21:00,288794014.87778956,275.41543472079235
13:22:00,78565565.49563363,74.92596196711887
13:23:00,92707157.33333333,88.41243489583333
13:24:00,140652803.85464767,134.13696656670348
13:25:00,101315174.4,96.6216796875
13:26:00,161794252.8,154.2990234375
13:27:00,104949795.73211649,100.08792470180177
13:28:00,2984918.936833035,2.8466405266123154
13:29:00,69973060.26666667,66.73151041666667
13:30:00,137035673.6,130.68740234375
13:31:00,240841830.39999998,229.68466796874998
13:32:00,103485075.45164719,98.69105858959884
13:33:00,266310728.98193216,253.97370241349427
13:34:00,89883579.73333333,85.71966145833333
13:35:00,79562299.09668785,75.87652120274339
13:36:00,152914057.38575983,145.8302091462706
13:37:00,260886357.33333337,248.80061848958337
13:38:00,221999547.73333332,211.71526692708332
13:39:00,140462526.76659527,133.95550419482734
13:40:00,397665145.6658918,379.2430359515112
13:41:00,82254745.6,78.44423828125
13:42:00,72834867.2,69.4607421875
13:43:00,195164328.45392445,186.12320752518124
13:44:00,195923825.71732202,186.84752055866434
13:45:00,140626580.09466037,134.111957640324
13:46:00,205274248.53333336,195.76477864583336
13:47:00,139908300.8,133.426953125
13:48:00,140836457.25672534,134.3121120993856
13:49:00,237262219.8520099,226.27088532639493
13:50:00,63989895.1860248,61.02551954843979
13:51:00,103499536.55318026,98.70484977071787
13:52:00,56670173.86666667,54.04488932291667
13:53:00,18901677.488167457,18.026044357459504
13:54:00,16897570.133333333,16.114778645833333
13:55:00,79385404.45034872,75.70782132181999
13:56:00,218951133.86666664,208.80807291666665
13:57:00,151456426.6666667,144.44010416666669
13:58:00,43487679.93641121,41.473083435450754
13:59:00,225803980.00133327,215.34345626958205
14:00:00,410191462.4,391.1890625
14:01:00,120428955.78526177,114.85000208402802
14:02:00,226846469.7130712,216.33765193278427
14:03:00,213769693.86666667,203.86666666666667
14:04:00,51180270.93333334,48.80930989583334
14:05:00,63401847.46666667,60.46471354166667
14:06:00,143108028.21486706,136.47845098005968
14:07:00,190835782.39787444,181.9951843241448
14:08:00,139992814.93333334,133.50755208333334
14:09:00,69913531.73333335,66.67473958333335
14:10:00,268324179.8715203,255.8938788142398
14:11:00,69665462.2741764,66.43816211145058
14:12:00,70254318.93333334,66.99973958333334
14:13:00,70088294.39999999,66.84140624999999
14:14:00,165485746.10185373,157.8195057886636
14:15:00,40641233.78602186,38.75850084879099
14:16:00,53783038.464102395,51.2915024415039
14:17:00,87361399.46666667,83.31432291666667
14:18:00,298393668.01726997,284.57037736632344
14:19:00,113877538.13333334,108.60208333333334
14:20:00,189109589.33333334,180.34895833333334
14:21:00,28677207.360321175,27.348716125794578
14:22:00,159196869.08003986,151.8219652939223
14:23:00,102277393.06666668,97.53932291666668
14:24:00,131439001.6,125.35
14:25:00,115668744.05443643,110.31031041568416
14:26:00,112811890.57104912,107.58580262284195
14:27:00,69996568.30455363,66.75392942862857
14:28:00,70004438.1041264,66.76143465435638
14:29:00,243021136.10872862,231.763015850762
14:30:00,376887432.53333336,359.42786458333336
14:31:00,161934804.34637693,154.43306383741086
14:32:00,46381943.46666667,44.23326822916667
14:33:00,117045845.52035597,111.62361671481702
14:34:00,212023057.06666666,202.20094401041666
14:35:00,91874831.1220748,87.61866676528435
14:36:00,41259656.53333333,39.34827473958333
14:37:00,37382734.15703467,35.650953442606614
14:38:00,188450030.93333334,179.71995442708334
14:39:00,141357260.79999998,134.80878906249998
14:40:00,32054444.186346628,30.569500147196415
14:41:00,50330965.333333336,47.999348958333336
14:42:00,115678958.93333334,110.32005208333334
14:43:00,89111915.94726627,84.98374552466036
14:44:00,232505365.621907,221.73439562025737
14:45:00,157921553.06666666,150.60572916666666
14:46:00,58439377.558503896,55.73213344431295
14:47:00,96086602.98904018,91.63532542137163
14:48:00,113700795.73333333,108.43352864583333
14:49:00,103642965.33333334,98.84163411458334
14:50:00,112502304.06852247,107.29055792667624
14:51:00,173151157.38950738,165.12981165838946
14:52:00,70029209.6,66.78505859375
14:53:00,70277301.57243225,67.0216575359652
14:54:00,96359311.37088205,91.89540040100293
14:55:00,70148744.2170522,66.89905568795415
14:56:00,209992260.26666668,200.26422526041668
14:57:00,84345480.07389812,80.43811805143177
14:58:00,187884305.06666666,179.18043619791666
14:59:00,41877640.53333333,39.93763020833333
15:00:00,37537428.26780021,35.79848124294301
15:01:00,65664144.536698766,62.62220815343739
15:02:00,77439624.53333333,73.85218098958333
15:03:00,77840690.08732753,74.23466690762284
15:04:00,220458540.16172507,210.24564758465297
15:05:00,182680348.56535602,174.21755653892137
15:06:00,293351020.21148443,279.76133366726344
15:07:00,73835588.26666667,70.41510416666667
15:08:00,69229318.5537081,66.0222230469781
15:09:00,149033233.06666666,142.12916666666666
15:10:00,186071059.79601362,177.45119075394976
15:11:00,427453023.7537638,407.65097022415523
15:12:00,3267457.662337662,3.1160904525162336
15:13:00,171790625.15832278,163.8323070128658
15:14:00,228146653.86666667,217.57760416666667
15:15:00,109392615.7553042,104.32492805033131
15:16:00,139707744.66954502,133.23568789438727
15:17:00,19365990.4,18.46884765625
15:18:00,261366033.06666666,249.25807291666666
15:19:00,3493156.3065781533,3.3313334527761014
15:20:00,124435146.86150779,118.67060362005977
15:21:00,267257446.4,254.8765625
15:22:00,252159163.78908074,240.4777181521232
15:23:00,223129490.3640257,212.79286419298717
15:24:00,370213647.55895054,353.0632472600465
15:25:00,3497807.587172478,3.3357692596173076
15:26:00,209824637.82414508,200.10436804213055
15:27:00,208281935.62766305,198.63313257948212
15:28:00,254624238.04463342,242.82859615767805
15:29:00,163041006.93333334,155.48802083333334
15:30:00,234045166.9333333,223.2028645833333
15:31:00,149309918.350957,142.39303431602193
15:32:00,69697564.29330501,66.46877698259831
15:33:00,69943296.0,66.703125
15:34:00,417141282.13333327,397.81692708333327
15:35:00,90618792.29122055,86.42081479188971
15:36:00,212823600.4250797,202.96440165050478
15:37:00,38029994.66666667,36.26822916666667
15:38:00,198719897.59999996,189.51406249999997
15:39:00,139537701.4945201,133.07352208568582
15:40:00,15114749.506384099,14.41454840315256
15:41:00,167836603.73333332,160.06145833333332
15:42:00,188370504.11508867,179.6441117430579
15:43:00,166395375.1328374,158.68699563297025
15:44:00,237552776.5333333,226.5479817708333
15:45:00,155005098.6666667,147.82438151041669
15:46:00,237596763.66065463,226.58993116441215
15:47:00,328496391.0733263,313.2785711987746
15:48:00,130844501.33333334,124.78304036458334
15:49:00,291042152.38984066,277.55942572578493
15:50:00,140557533.19057816,134.04610938127342
15:51:00,127555310.93333334,121.64622395833334
15:52:00,70009352.97646825,66.76612184187722
15:53:00,203322620.9850107,193.90356157780715
15:54:00,155055783.6268883,147.87271845520812
15:55:00,156414139.6093073,149.16814766817788
15:56:00,69958417.06666668,66.71754557291668
15:57:00,121197762.86947858,115.58319365451678
15:58:00,338765482.66666675,323.07194010416674
15:59:00,352157463.6357576,335.84352840019
16:00:00,96017475.57221255,91.56940037938361
16:01:00,4762839.122608174,4.5421973444062935
16:02:00,330273143.46666664,314.97301432291664
16:03:00,146034210.13333333,139.26907552083333
16:04:00,163782140.14267617,156.19482054011934
16:05:00,89853100.66434672,85.69059435305283
16:06:00,95540233.79383634,91.11426715263018
16:07:00,132166758.4,126.04404296875
16:08:00,186138350.9333333,177.5153645833333
16:09:00,204873250.53533188,195.38235715420902
16:10:00,165676480.34006375,158.00140413290382
16:11:00,122030694.40000002,116.37753906250002
16:12:00,46766029.93036006,44.599561624870354
16:13:00,192275152.03426123,183.36787417818186
16:14:00,111624155.75221238,106.45309043141592
16:15:00,281511458.1333333,268.4702473958333
16:16:00,225325670.4,214.8873046875
16:17:00,31827346.398088086,30.35292281922158
16:18:00,117870214.66524974,112.40979639553998
16:19:00,115703296.58022799,110.34326227209853
16:20:00,201518011.73333332,192.18255208333332
16:21:00,164129209.43208238,156.5258116074394
16:22:00,147634858.66666666,140.79557291666666
16:23:00,88322867.2,84.23125
16:24:00,15446624.625025,14.731049180054665
16:25:00,227400627.9718422,216.86613843139858
16:26:00,26033629.866666667,24.827604166666667
16:27:00,283756680.5333333,270.6114583333333
16:28:00,206538552.46252677,196.97051283123662
16:29:00,139870208.0,133.390625
16:30:00,179121356.8,170.8234375
16:31:00,41467251.35117101,39.54625258557416
16:32:00,158642067.73807943,151.2928655033869
16:33:00,199150900.33997735,189.92509874341712
16:34:00,186584965.93106207,177.94128983598907
16:35:00,325190719.7435213,310.1260373530591
16:36:00,203571417.64080766,194.14083255844847
16:37:00,341976405.3333333,326.1341145833333
16:38:00,170831245.81638774,162.91737157477164
16:39:00,150853344.7537473,143.86496043562633
16:40:00,242311796.47957492,231.086536864829
16:41:00,76235298.13333334,72.70364583333334
16:42:00,347492635.6641017,331.3948017731683
16:43:00,33056374.07013815,31.525014944208287
16:44:00,2596963.9357376173,2.4766578061462567
16:45:00,114310075.73333333,109.01458333333333
16:46:00,164613441.0201913,156.9876108362115
16:47:00,45206459.733333334,43.112239583333334
16:48:00,79298734.7510166,75.6251666555563
16:49:00,58445556.01687538,55.73802568137682
16:50:00,151839539.2,144.80546875
16:51:00,166888516.26666665,159.15729166666665
16:52:00,126815130.73732103,120.94033311588386
16:53:00,206742988.31030822,197.16547804861852
16:54:00,70234112.0,66.98046875
16:55:00,172805819.34537697,164.8004716352243
16:56:00,172768278.70150438,164.76467008734167
16:57:00,156401800.53333333,149.15638020833333
16:58:00,9660381.866666667,9.212858072916667
16:59:00,125762569.59314774,119.93653258623861
17:00:00,95556608.0,91.1298828125
17:01:00,110748910.93333332,105.61839192708332
17:02:00,98809070.93333334,94.23167317708334
17:03:00,40909673.603211775,39.0145050079458
17:04:00,162171903.66215774,154.65917936530852
17:05:00,227808145.1053614,217.25477705513134
17:06:00,121655370.25928147,116.0196020691695
17:07:00,14738056.533333333,14.055305989583333
17:08:00,54006055.94591011,51.50418848601352
17:09:00,51004620.800000004,48.641796875000004
17:10:00,87835666.9111274,83.7666195975565
17:11:00,129886979.80871415,123.86987667914786
17:12:00,176934092.79999998,168.73749999999998
17:13:00,59662165.333333336,56.898274739583336
17:14:00,30432650.639115177,29.022837294688394
17:15:00,128484012.53249784,122.53190282106193
17:16:00,98018254.78301448,93.47749212552498
17:17:00,206477963.3248561,196.9127305267869
17:18:00,97980386.34250033,93.44137796640427
17:19:00,303504903.4064396,289.4448312820812
17:20:00,312594056.53333336,298.11292317708336
17:21:00,141458700.66074884,134.905529652356
17:22:00,67282805.52603614,64.16588356593718
17:23:00,20744874.666666664,19.783854166666664
17:24:00,40070954.20305313,38.214639857342846
17:25:00,145433632.55471522,138.69632010909578
17:26:00,84872028.0813299,80.94027336247434
17:27:00,20163597.03980265,19.22950462322488
17:28:00,85199325.86666667,81.25240885416667
17:29:00,13530709.13348946,12.903889783372364
17:30:00,146182613.80088994,139.41060428704256
17:31:00,173818248.14987665,165.76599898326555
17:32:00,115737941.33333334,110.37630208333334
17:33:00,129337558.88650964,123.34590805674519
17:34:00,140201277.9807373,133.70635793756227
17:35:00,4746795.386359091,4.526896845206347
17:36:00,45609779.2,43.496875
17:37:00,139860923.73333335,133.38177083333335
17:38:00,101028631.74561289,96.34841131745614
17:39:00,3466300.4200280015,3.3057216835289016
17:40:00,19874024.66831122,18.953346889792652
17:41:00,79343828.69379015,75.66817159060493
17:42:00,78813787.31318498,75.16268473928926
17:43:00,142488917.33333334,135.88802083333334
17:44:00,103288558.93333334,98.50364583333334
17:45:00,470216229.5430394,448.4331412725824
17:46:00,83919940.26666668,80.03229166666668
17:47:00,170826683.73333335,162.91302083333335
17:48:00,29772716.054339826,28.39347463067992
17:49:00,4230087.141339001,4.03412546285534
17:50:00,100122828.8,95.4845703125
17:51:00,111783731.2,106.6052734375
17:52:00,188925374.00919205,180.17327691001134
17:53:00,243807157.38950738,232.51262415838946
17:54:00,70154103.46666667,66.90416666666667
17:55:00,141648205.8605591,135.08625589424048
17:56:00,126565782.52605362,120.70253613095629
17:57:00,124689339.73333333,118.91302083333333
17:58:00,8810646.624614146,8.40248739682593
17:59:00,213843021.51394424,203.93659736055778
18:00:00,329546956.8,314.28046875
18:01:00,45448499.199999996,43.343066406249996
18:02:00,139086949.74907994,132.64365172298426
18:03:00,3006673.7513283743,2.8673875344547026
18:04:00,73069090.13333334,69.68411458333334
18:05:00,213961113.6,204.04921875
18:06:00,183589000.53333336,175.08411458333336
18:07:00,4729481.756175087,4.510385280776107
18:08:00,131169211.73333333,125.09270833333333
18:09:00,170747187.2,162.83720703125
18:10:00,112086014.76311904,106.8935535079184
18:11:00,10331916.561817097,9.853283464257332
18:12:00,131318187.32084528,125.234782524915
18:13:00,238252680.53333333,227.21546223958333
18:14:00,128095779.39896928,122.16165485283783
18:15:00,217798937.30074388,207.70925264429462
18:16:00,87992973.26844877,83.91663863034131
18:17:00,57077129.25804946,54.43299222760149
18:18:00,214544245.30062655,204.60533647596984
18:19:00,121971009.56429331,116.3206191676076
18:20:00,33641554.17915418,32.083086184648685
18:21:00,193836851.2,184.8572265625
18:22:00,234794882.04038256,223.91784862554795
18:23:00,19615426.171588562,18.706728145206988
18:24:00,310839739.73333335,296.43987630208335
18:25:00,93435309.71305402,89.10685511880304
18:26:00,160899715.4433743,153.44592613542014
18:27:00,73278020.26666667,69.88336588541667
18:28:00,6209672.533333333,5.922005208333333
18:29:00,172832014.8768015,164.8254536407485
18:30:00,111445321.95479698,106.28254123191546
18:31:00,90838391.46666665,86.63024088541665
18:32:00,185884309.58263773,177.27309187186978
18:33:00,182670775.7931218,174.2084272319048
18:34:00,213362107.73333332,203.47796223958332
18:35:00,111138269.86666667,105.98971354166667
18:36:00,257521952.89079228,245.59207238272884
18:37:00,129827910.7332625,123.81354401899576
18:38:00,119136324.26666668,113.61725260416668
18:39:00,151110041.6,144.109765625
18:40:00,154879914.7064703,147.70499678275138
18:41:00,358354571.5618959,341.7535510653457
18:42:00,76374937.60000001,72.83681640625001
18:43:00,126349549.68587448,120.49632042491386
18:44:00,130578773.33333334,124.52962239583334
18:45:00,134982997.3333333,128.72981770833331
18:46:00,163569117.86666667,155.99166666666667
18:47:00,148649881.6,141.76357421875
18:48:00,104835370.89139277,99.97880067004468
18:49:00,202414762.6666667,193.03776041666669
18:50:00,144755391.86295503,138.04949938102249
18:51:00,122446643.19999999,116.77421874999999
18:52:00,131512524.8,125.4201171875
18:53:00,92087550.3938059,87.82153167133895
18:54:00,130043422.81968081,124.01907236068803
18:55:00,222217284.26666668,211.92291666666668
18:56:00,237504648.5333333,226.5020833333333
18:57:00,223879932.51411492,213.50854159747593
18:58:00,170189496.36642444,162.3053516067738
18:59:00,120269418.52348992,114.69785549496643
19:00:00,124253227.1859991,118.49711149787817
19:01:00,74577953.90728477,71.12307921150662
19:02:00,228813482.66666663,218.21354166666663
19:03:00,140606977.7451046,134.09326338301145
19:04:00,65085740.97436586,62.07059953152262
19:05:00,121545058.73724914,115.91440080380357
19:06:00,121759757.87880781,116.11915386086255
19:07:00,211887982.99681193,202.07212733918374
19:08:00,120939219.94799653,115.3366279106107
19:09:00,97928366.12535231,93.39176762137633
19:10:00,77669599.6820771,74.07150238235197
19:11:00,92675105.92627159,88.38186829211386
19:12:00,155418897.06666666,148.21901041666666
19:13:00,176825365.77561495,168.6338098293447
19:14:00,182629906.87479243,174.16945159415476
19:15:00,4548089.11487255,4.337395777580785
19:16:00,12513954.166114718,11.934236684908598
19:17:00,248741689.22071862,237.21856042930472
19:18:00,130028885.33333333,124.00520833333333
19:19:00,166311526.39999998,158.60703124999998
19:20:00,35834811.733333334,34.174739583333334
19:21:00,16482604.626358243,15.71903669963669
19:22:00,112464042.66666666,107.25406901041666
19:23:00,184152610.13333333,175.62161458333333
19:24:00,57066746.01487779,54.42308999526767
19:25:00,71011669.33333333,67.72200520833333
19:26:00,140337356.8,133.8361328125
19:27:00,157823417.5588865,150.51213985336923
19:28:00,176427038.6052304,168.25393543742217
19:29:00,52029917.86666667,49.61959635416667
19:30:00,122493815.46666667,116.81920572916667
19:31:00,283702376.22967273,270.5596697136619
19:32:00,374162521.28295374,356.8291867093599
19:33:00,366896640.0,349.89990234375
19:34:00,70155605.33333334,66.90559895833334
19:35:00,95649421.08079188,91.21839626387775
19:36:00,185819066.6223846,177.21087133635007
19:37:00,70011801.6,66.76845703125
19:38:00,303225804.9271665,289.17866223065045
19:39:00,149881378.13333336,142.93802083333335
19:40:00,19879833.599999998,18.958886718749998
19:41:00,157985928.53333333,150.66712239583333
19:42:00,146099391.86295503,139.33123766227249
19:43:00,69526667.72235417,66.3057973121206
19:44:00,75438592.0,71.94384765625
19:45:00,193385062.4,184.4263671875
19:46:00,39723904.47996842,37.883667449921056
19:47:00,181995281.06666666,173.56422526041666
19:48:00,8732294.647023533,8.327765128158124
19:49:00,71806557.86958008,68.48006998975761
19:50:00,39107447.62537363,37.29576838052142
19:51:00,57637527.09819346,54.96742925471636
19:52:00,7470967.466666667,7.124869791666667
19:53:00,7582101.476510067,7.2308554425335565
19:54:00,8304495.966935538,7.919784514365709
19:55:00,169291264.0,161.44873046875
19:56:00,129081520.77617931,123.10173108690196
19:57:00,131193844.84590861,125.11620030012952
19:58:00,101901653.33333333,97.18098958333333
19:59:00,47245994.66666667,45.05729166666667
20:00:00,135367413.39001065,129.09642542840066
20:01:00,41098746.01487779,39.19481851089267
20:02:00,69978225.45163655,66.73643632091193
20:03:00,77663436.8,74.065625
20:04:00,85834204.64802964,81.85787644198383
20:05:00,212501912.1772185,202.65761583062982
20:06:00,162187502.93333334,154.67405598958334
20:07:00,88155750.4,84.071875
20:08:00,70187854.38972162,66.93635405513918
20:09:00,13668722.981036996,13.035510045086857
20:10:00,38349414.4,36.5728515625
20:11:00,149980396.55977064,143.03245216347756
20:12:00,147644378.03679258,140.8046512954641
20:13:00,70504129.27152318,67.23797728683775
20:14:00,70300467.19999999,67.04374999999999
20:15:00,69931281.06666666,66.69166666666666
20:16:00,79439212.45879276,75.75913663749004
20:17:00,7401624.108273884,7.058738811754116
20:18:00,248475374.93333334,236.96458333333334
20:19:00,139022062.93333334,132.58177083333334
20:20:00,3322333.8666666667,3.1684244791666667
20:21:00,106213259.70304768,101.2928578405835
20:22:00,20622023.07128092,19.666693755417747
20:23:00,299805354.6666667,285.9166666666667
20:24:00,4285098.666666667,4.086588541666667
20:25:00,200053253.98512223,190.78565023910735
20:26:00,232886818.13333333,222.09817708333333
20:27:00,45288603.159789346,43.19057765940604
20:28:00,89246813.35791847,85.11239372054908
20:29:00,173511996.27634814,165.4739344371301
20:30:00,69910528.0,66.671875
20:31:00,70058257.06666666,66.81276041666666
20:32:00,188097781.58458242,179.38402327020876
20:33:00,176621261.24211225,168.4391605778811
20:34:00,130623180.80000001,124.57197265625001
20:35:00,125206562.13333333,119.40628255208333
20:36:00,87202659.88488823,83.1629370545275
20:37:00,69732835.60278977,66.50241432455995
20:38:00,69969169.06666666,66.72779947916666
20:39:00,251613798.40000004,239.95761718750003
20:40:00,39944174.36237164,38.09373317944683
20:41:00,139894306.13333333,133.41360677083333
20:42:00,219297723.73333332,209.13860677083332
20:43:00,284572720.2216067,271.3896944252078
20:44:00,327600485.49233115,312.4241690562545
20:45:00,69973299.2,66.73173828125
20:46:00,154123264.0,146.9833984375
20:47:00,91530521.8507261,87.29030785629854
20:48:00,102952994.13333334,98.18362630208334
20:49:00,81188181.33333333,77.42708333333333
20:50:00,117412094.19657834,111.97289867074808
20:51:00,184481499.27411905,175.9352677098456
20:52:00,37261038.93333334,35.53489583333334
20:53:00,63597841.06666667,60.65162760416667
20:54:00,153566355.71475092,146.4522893092641
20:55:00,79474577.96146923,75.79286380907939
20:56:00,89431176.53333333,85.28821614583333
20:57:00,185837119.23179513,177.228087646289
20:58:00,76936319.44537032,73.37219185387642
20:59:00,162842483.94004282,155.29869455341608
21:00:00,57573188.78404604,54.906071456953086
21:01:00,181490755.39616123,173.083072086488
21:02:00,69983573.33333333,66.74153645833333
21:03:00,154794905.6,147.62392578125
21:04:00,134755940.04282656,128.51327900202423
21:05:00,101049552.86804946,96.36836325459429
21:06:00,223559304.53333333,213.20276692708333
21:07:00,441217298.4516818,420.77760548752
21:08:00,286434440.53333336,273.16516927083336
21:09:00,70013678.93333334,66.77024739583334
21:10:00,196884070.4,187.76328125
21:11:00,114702048.57104522,109.38839776138803
21:12:00,149777228.8202692,142.8386963083927
21:13:00,268794265.59999996,256.34218749999997
21:14:00,121490909.86666667,115.86276041666667
21:15:00,274781464.6680942,262.0520254784529
21:16:00,95970890.54197663,91.5249734325186
21:17:00,282830151.58989406,269.7278514765683
21:18:00,117659238.4,112.20859375
21:19:00,299708398.2683982,285.8242018398268
21:20:00,407289036.8,388.42109375
21:21:00,309799967.4688354,295.4482721985201
21:22:00,149852433.06666666,142.91041666666666
21:23:00,332231534.1610782,316.84068122966596
21:24:00,222432650.6232918,212.12830602959804
21:25:00,355666283.88559234,339.1898001533435
21:26:00,180885094.4,172.50546875
21:27:00,180394303.9319873,172.03741448591927
21:28:00,286335001.6665556,273.07033697753485
21:29:00,437520821.0049314,417.2523698853792
21:30:00,302865854.1138818,288.8353863848513
21:31:00,252792944.6141586,241.08213864723072
21:32:00,414734472.53333336,395.52161458333336
21:33:00,83433335.46666668,79.56822916666668
21:34:00,216960871.4457349,206.9100107629155
21:35:00,183682584.48459086,175.17336319407545
21:36:00,460863897.59999996,439.51406249999997
21:37:00,210730584.17227817,200.9683458063871
21:38:00,501962261.3850714,478.70851648814335
21:39:00,264837517.90102956,252.56873884299236
21:40:00,371762998.5999066,354.5408235549036
21:41:00,200863733.35110992,191.55858359442703
21:42:00,63646423.98286938,60.69795988356531
21:43:00,537750250.149452,512.8386022085685
21:44:00,284703402.6666667,271.5143229166667
21:45:00,515388329.9024194,491.51261320344867
21:46:00,584909289.5942626,557.8129669134737
21:47:00,194934715.7333333,185.9042317708333
21:48:00,225919274.715019,215.45340987684153
21:49:00,252864342.61241966,241.15022908441512
21:50:00,219102673.75132838,208.9525926125797
21:51:00,358407270.40000004,341.80380859375003
21:52:00,202363419.12695765,192.9887954015328
21:53:00,228205085.50960597,217.6333289238033
21:54:00,267674043.73333335,255.27386067708335
21:55:00,342597559.0960603,326.7264929733851
21:56:00,265150385.33092418,252.8671124753229
21:57:00,370564403.20000005,353.39775390625005
21:58:00,309341900.8,295.01142578125
21:59:00,257418148.88165638,245.49307716527593
22:00:00,500569164.7183847,477.37995597685307
22:01:00,278385493.3333334,265.48909505208337
22:02:00,304670107.6071738,290.5560566016901
22:03:00,455976805.13918626,434.8533679382193
22:04:00,494598868.3756143,471.6862376934188
22:05:00,283960076.5143464,270.80543185648577
22:06:00,261943500.8,249.8087890625
22:07:00,500106436.96246415,476.93866440054336
22:08:00,345061379.783584,329.0761754833069
22:09:00,334846293.3333333,319.3343098958333
22:10:00,214880051.2,204.9255859375
22:11:00,258130589.45963973,246.17251344646428
22:12:00,474976601.52773166,452.9729857709233
22:13:00,383509707.35284317,365.7433579948837
22:14:00,322241467.73333335,307.31341145833335
22:15:00,319918423.9828693,305.09798429762776
22:16:00,263917194.4739639,251.69105002781285
22:17:00,281954099.20000005,268.89238281250005
22:18:00,178615261.86666667,170.34078776041667
22:19:00,346235648.82226974,330.19604570605253
22:20:00,406676275.1999999,387.83671874999993
22:21:00,334409659.73333335,318.91790364583335
22:22:00,240958464.0,229.7958984375
22:23:00,455645254.5830278,434.53717668822077
22:24:00,289316590.93333334,275.91380208333334
22:25:00,527463007.5328312,503.0279231384575
22:26:00,351164573.875803,334.8966349370985
22:27:00,374287778.95855474,356.9486417375133
22:28:00,412199048.53333336,393.10364583333336
22:29:00,179124979.934671,170.82689279048063
22:30:00,474946981.3664596,452.9447377838703
22:31:00,260516862.91179597,248.44824114970777
22:32:00,349896861.2759149,333.68764999000064
22:33:00,286986144.3629086,273.69131504336224
22:34:00,316192890.79229116,301.54503897885434
22:35:00,410458191.32057863,391.4434350209986
22:36:00,91909324.8,87.6515625
22:37:00,406838019.60130674,387.99097023134874
22:38:00,255684881.49907628,243.8401045790446
22:39:00,328971878.4,313.73203125
22:40:00,101085184.00000001,96.40234375000001
22:41:00,213081387.77115148,203.21024682154797
22:42:00,329015206.986201,313.7733526098261
22:43:00,457539310.93333334,436.34348958333334
22:44:00,188905219.75040692,180.15405631104176
22:45:00,223709979.28076544,213.34646156384034
22:46:00,472862295.3530235,450.956626275085
22:47:00,286504550.8933949,273.23203172053803
22:48:00,207783039.3198725,198.15734798419237
22:49:00,240813670.39999998,229.65781249999998
22:50:00,142926916.26666665,136.30572916666665
22:51:00,205812029.75557917,196.27764678533475
22:52:00,297019528.53333336,283.25989583333336
22:53:00,147070677.24514967,140.25752758517234
22:54:00,416434615.80673224,397.1429975573847
22:55:00,111415569.06666666,106.25416666666666
22:56:00,11006941.866666667,10.497037760416667
22:57:00,227683333.8240214,217.13574774171963
22:58:00,220962542.9333333,210.7263020833333
22:59:00,73378508.80000001,69.97919921875001
23:00:00,95152205.5674518,90.74421459908658
23:01:00,229043416.2048034,218.4328233764681
23:02:00,195269652.95646957,186.2236527981468
23:03:00,184657476.26666668,176.10309244791668
23:04:00,134410342.4,128.18369140625
23:05:00,434724522.48394006,414.585611804905
23:06:00,462450346.6666666,441.02701822916663
23:07:00,152911530.66666666,145.82779947916666
23:08:00,52622199.00700538,50.1844396657995
23:09:00,152190240.05313846,145.1399231463799
23:10:00,160580437.3333333,153.14143880208331
23:11:00,75174463.97867377,71.69195554606797
23:12:00,25635507.373455558,24.44792497010761
23:13:00,94304488.5007666,89.93576860500966
23:14:00,48046455.46666667,45.82067057291667
23:15:00,23945630.923025656,22.836333201432854
23:16:00,15746358.51539879,15.016897693060674
23:17:00,17907780.266666666,17.078190104166666
23:18:00,70449902.93333334,67.18626302083334
23:19:00,194090939.73333335,185.09954427083335
23:20:00,247273691.81721574,235.81856900903296
23:21:00,41406190.93333333,39.48802083333333
23:22:00,179136580.26666668,170.83795572916668
23:23:00,43522569.593147755,41.50635680498863
23:24:00,30785870.35069076,29.35969386166645
23:25:00,201332573.10487366,192.00570402610174
23:26:00,89195417.6,85.06337890625
23:27:00,71322589.62360123,68.0185219036114
23:28:00,30886400.0,29.45556640625
23:29:00,73952392.53333333,70.52649739583333
23:30:00,106792394.00428265,101.84516334942117
23:31:00,159114828.07812813,151.74372489750684
23:32:00,51007214.93333334,48.64427083333334
23:33:00,66094318.93333334,63.03245442708334
23:34:00,7696083.233293317,7.339556916516607
23:35:00,69823834.27395259,66.58919742007502
23:36:00,111710481.06666666,106.53541666666666
23:37:00,1091690803.2,1041.11748046875
23:38:00,78251008.0,74.6259765625
23:39:00,188847650.13333333,180.09915364583333
23:40:00,63864285.86666666,60.90572916666666
23:41:00,82209164.88222697,78.4007691213865
23:42:00,119723907.81696221,114.17761594482633
23:43:00,120280473.6,114.7083984375
23:44:00,181141777.06666666,172.75026041666666
23:45:00,104968017.66713512,100.10530249322426
23:46:00,150565543.03931987,143.5904913323592
23:47:00,116686267.73333333,111.28069661458333
23:48:00,162996453.9614561,155.44553180833444
23:49:00,227032824.65462276,216.51537385427739
23:50:00,201416157.86666667,192.08541666666667
23:51:00,188802312.07091916,180.0559159001533
23:52:00,91828911.46356153,87.5748743663421
23:53:00,131886666.75463483,125.77692676032527
23:54:00,132866918.20545296,126.71176739259049
23:55:00,175972781.85600215,167.820722442629
23:56:00,162858233.11416617,155.31371413628213
23:57:00,135777143.46666667,129.48717447916667
23:58:00,132054903.46666667,125.93736979166667
23:59:00,143169877.3333333,136.53743489583331
00:00:00,134299852.8,128.0783203125
